timestamp,project_name,run_id,experiment_id,duration,emissions,emissions_rate,cpu_power,gpu_power,ram_power,cpu_energy,gpu_energy,ram_energy,energy_consumed,country_name,country_iso_code,region,cloud_provider,cloud_region,os,python_version,codecarbon_version,cpu_count,cpu_model,gpu_count,gpu_model,longitude,latitude,ram_total_size,tracking_mode,on_cloud,pue
2025-03-03T16:15:13,codecarbon,53bf5339-e647-4422-865d-df24abdaf43d,5b0fa12a-3dd7-45bb-9766-cc326314d9f1,0.0043835410033352,1.8969277025245508e-08,4.327386697378333e-06,42.5,0.0,9.000000000000002,4.78646333350399e-08,0.0,9.49322751694126e-09,5.7357860851981166e-08,Italy,ITA,,,,macOS-15.3.1-arm64-arm-64bit,3.12.9,2.8.3,14,Apple M4 Pro,,,,,24.0,machine,N,1.0
2025-03-03T16:25:49,1,040d89c2-cb93-4a27-9206-dbd2bbf5a5bb,5b0fa12a-3dd7-45bb-9766-cc326314d9f1,32.788960457997746,0.0001551274867851,4.731088897554397e-06,42.5,0.0,9.000000000000002,0.0003870912971352,0.0,8.1971429372461e-05,0.0004690627265077,Italy,ITA,,,,macOS-15.3.1-arm64-arm-64bit,3.12.9,2.8.3,14,Apple M4 Pro,,,,,24.0,machine,N,1.0
2025-03-03T16:29:12,1,ed786818-3c5d-4ad7-bd29-ae92c5edf1c4,5b0fa12a-3dd7-45bb-9766-cc326314d9f1,36.74158629200247,0.000173827751263,4.731089993817153e-06,42.5,0.0,9.000000000000002,0.0004337541800214,0.0,9.185298760497972e-05,0.0005256071676263,Italy,ITA,,,,macOS-15.3.1-arm64-arm-64bit,3.12.9,2.8.3,14,Apple M4 Pro,,,,,24.0,machine,N,1.0
2025-03-03T16:29:12,1,ed786818-3c5d-4ad7-bd29-ae92c5edf1c4,5b0fa12a-3dd7-45bb-9766-cc326314d9f1,36.745579916998395,0.0001738465989495,4.731088728011689e-06,42.5,0.0,9.000000000000002,0.000433801261061,0.0,9.18628967699988e-05,0.000525664157831,Italy,ITA,,,,macOS-15.3.1-arm64-arm-64bit,3.12.9,2.8.3,14,Apple M4 Pro,,,,,24.0,machine,N,1.0
2025-03-03T16:35:36,1,5aa461d0-c1c6-4ff7-ad14-0b2dc1d907d2,5b0fa12a-3dd7-45bb-9766-cc326314d9f1,32.79087141700438,0.0001551366282271,4.731091963196447e-06,42.5,0.0,9.000000000000002,0.0003871139416666,0.0,8.19764260399825e-05,0.0004690903677066,Italy,ITA,,,,macOS-15.3.1-arm64-arm-64bit,3.12.9,2.8.3,14,Apple M4 Pro,,,,,24.0,machine,N,1.0
2025-03-03T16:35:36,1,5aa461d0-c1c6-4ff7-ad14-0b2dc1d907d2,5b0fa12a-3dd7-45bb-9766-cc326314d9f1,32.795593000002555,0.0001551589217661,4.731090600073826e-06,42.5,0.0,9.000000000000002,0.0003871696230535,0.0,8.198815416501023e-05,0.0004691577772185,Italy,ITA,,,,macOS-15.3.1-arm64-arm-64bit,3.12.9,2.8.3,14,Apple M4 Pro,,,,,24.0,machine,N,1.0
2025-03-03T16:36:11,1,4e04993b-e4b0-4216-b31d-db3942ee9b6c,5b0fa12a-3dd7-45bb-9766-cc326314d9f1,34.23819975000515,0.0001619841122646,4.731093148803546e-06,42.5,0.0,9.000000000000002,0.0004042005501735,0.0,8.559472031251063e-05,0.000489795270486,Italy,ITA,,,,macOS-15.3.1-arm64-arm-64bit,3.12.9,2.8.3,14,Apple M4 Pro,,,,,24.0,machine,N,1.0
2025-03-03T16:36:11,1,4e04993b-e4b0-4216-b31d-db3942ee9b6c,5b0fa12a-3dd7-45bb-9766-cc326314d9f1,34.24268587499682,0.0001620052812422,4.73109153392945e-06,42.5,0.0,9.000000000000002,0.0004042534434896,0.0,8.560583614500502e-05,0.0004898592796346,Italy,ITA,,,,macOS-15.3.1-arm64-arm-64bit,3.12.9,2.8.3,14,Apple M4 Pro,,,,,24.0,machine,N,1.0
2025-03-03T16:37:08,1,a3c412b6-a2ee-4f56-b3c7-c652762091f6,5b0fa12a-3dd7-45bb-9766-cc326314d9f1,45.37060791699332,0.0002146521617321,4.731084100192789e-06,42.5,0.0,9.000000000000002,0.0005356242057542,0.0,0.0001134247172924,0.0006490489230467,Italy,ITA,,,,macOS-15.3.1-arm64-arm-64bit,3.12.9,2.8.3,14,Apple M4 Pro,,,,,24.0,machine,N,1.0
2025-03-03T16:37:08,1,a3c412b6-a2ee-4f56-b3c7-c652762091f6,5b0fa12a-3dd7-45bb-9766-cc326314d9f1,45.37597704200016,0.0002146774954394,4.731082599956028e-06,42.5,0.0,9.000000000000002,0.0005356875420638,0.0,0.0001134379831249,0.0006491255251888,Italy,ITA,,,,macOS-15.3.1-arm64-arm-64bit,3.12.9,2.8.3,14,Apple M4 Pro,,,,,24.0,machine,N,1.0
2025-03-05T17:15:48,1,c33673f6-e257-48b0-84d5-9f6231546098,5b0fa12a-3dd7-45bb-9766-cc326314d9f1,37.491336707998926,0.0001773750893471,4.7310953655403345e-06,42.5,0.0,9.000000000000002,0.0004426056328624,0.0,9.372770655999831e-05,0.0005363333394224,Italy,ITA,,,,macOS-15.3.1-arm64-arm-64bit,3.12.9,2.8.3,14,Apple M4 Pro,,,,,24.0,machine,N,1.0
2025-03-05T17:15:48,1,c33673f6-e257-48b0-84d5-9f6231546098,5b0fa12a-3dd7-45bb-9766-cc326314d9f1,37.496349375000136,0.0001773987638286,4.7310942741246575e-06,42.5,0.0,9.000000000000002,0.0004426647555687,0.0,9.374016895499608e-05,0.0005364049245237,Italy,ITA,,,,macOS-15.3.1-arm64-arm-64bit,3.12.9,2.8.3,14,Apple M4 Pro,,,,,24.0,machine,N,1.0
2025-03-05T17:16:39,1,1ef2f261-50ca-4628-9d0f-590a742e7430,5b0fa12a-3dd7-45bb-9766-cc326314d9f1,49.733307624999725,0.0002352929612647,4.7310941600519175e-06,42.5,0.0,9.000000000000002,0.0005871286920638,0.0,0.0001243323147899,0.0007114610068538,Italy,ITA,,,,macOS-15.3.1-arm64-arm-64bit,3.12.9,2.8.3,14,Apple M4 Pro,,,,,24.0,machine,N,1.0
2025-03-05T17:16:39,1,1ef2f261-50ca-4628-9d0f-590a742e7430,5b0fa12a-3dd7-45bb-9766-cc326314d9f1,49.73737454199909,0.0002353121585441,4.731093281681607e-06,42.5,0.0,9.000000000000002,0.0005871766501736,0.0,0.0001243424039574,0.0007115190541311,Italy,ITA,,,,macOS-15.3.1-arm64-arm-64bit,3.12.9,2.8.3,14,Apple M4 Pro,,,,,24.0,machine,N,1.0
2025-03-05T17:17:28,1,2cf39876-4bc6-4973-886a-ded40f84a0b3,5b0fa12a-3dd7-45bb-9766-cc326314d9f1,47.28197349999937,0.0002236953278555,4.731091181199203e-06,42.5,0.0,9.000000000000002,0.0005581893166048,0.0,0.0001182036461475,0.0006763929627523,Italy,ITA,,,,macOS-15.3.1-arm64-arm-64bit,3.12.9,2.8.3,14,Apple M4 Pro,,,,,24.0,machine,N,1.0
2025-03-05T17:17:28,1,2cf39876-4bc6-4973-886a-ded40f84a0b3,5b0fa12a-3dd7-45bb-9766-cc326314d9f1,47.28504512499967,0.0002237098196857,4.731090328756492e-06,42.5,0.0,9.000000000000002,0.0005582255207965,0.0,0.0001182112612525,0.000676436782049,Italy,ITA,,,,macOS-15.3.1-arm64-arm-64bit,3.12.9,2.8.3,14,Apple M4 Pro,,,,,24.0,machine,N,1.0
2025-03-05T17:45:08,1,78d39951-0f3f-4c57-8a97-35da1a8846be,5b0fa12a-3dd7-45bb-9766-cc326314d9f1,42.7451057090002,0.0002022309937429,4.7310912065521765e-06,42.5,0.0,9.000000000000002,0.0005046290723458,0.0,0.00010686166521,0.0006114907375558,Italy,ITA,,,,macOS-15.3.1-arm64-arm-64bit,3.12.9,2.8.3,14,Apple M4 Pro,,,,,24.0,machine,N,1.0
2025-03-05T17:45:08,1,78d39951-0f3f-4c57-8a97-35da1a8846be,5b0fa12a-3dd7-45bb-9766-cc326314d9f1,42.74967029200161,0.0002022525451259,4.731090175537818e-06,42.5,0.0,9.000000000000002,0.0005046828948652,0.0,0.0001068730081275,0.0006115559029927,Italy,ITA,,,,macOS-15.3.1-arm64-arm-64bit,3.12.9,2.8.3,14,Apple M4 Pro,,,,,24.0,machine,N,1.0
2025-03-05T17:45:54,1,e7152bb7-62bc-468b-8970-736677facd56,5b0fa12a-3dd7-45bb-9766-cc326314d9f1,45.41548916600004,0.0002148649830838,4.7310947658958795e-06,42.5,0.0,9.000000000000002,0.0005361545216277,0.0,0.0001135379144775,0.0006496924361052,Italy,ITA,,,,macOS-15.3.1-arm64-arm-64bit,3.12.9,2.8.3,14,Apple M4 Pro,,,,,24.0,machine,N,1.0
2025-03-05T17:45:54,1,e7152bb7-62bc-468b-8970-736677facd56,5b0fa12a-3dd7-45bb-9766-cc326314d9f1,45.419119416001195,0.000214882113384,4.731093780483031e-06,42.5,0.0,9.000000000000002,0.0005361973172624,0.0,0.000113546916145,0.0006497442334074,Italy,ITA,,,,macOS-15.3.1-arm64-arm-64bit,3.12.9,2.8.3,14,Apple M4 Pro,,,,,24.0,machine,N,1.0
2025-03-05T17:46:45,1,e7d114c4-a8bc-4196-857e-5ec3ebd460a6,5b0fa12a-3dd7-45bb-9766-cc326314d9f1,49.75444237500051,0.0002353930381115,4.731095895666843e-06,42.5,0.0,9.000000000000002,0.0005873783426715,0.0,0.00012438526896,0.0007117636116315,Italy,ITA,,,,macOS-15.3.1-arm64-arm-64bit,3.12.9,2.8.3,14,Apple M4 Pro,,,,,24.0,machine,N,1.0
2025-03-05T17:46:45,1,e7d114c4-a8bc-4196-857e-5ec3ebd460a6,5b0fa12a-3dd7-45bb-9766-cc326314d9f1,49.75761366700135,0.0002354080017859,4.731095091525152e-06,42.5,0.0,9.000000000000002,0.0005874157234875,0.0,0.0001243931341675,0.000711808857655,Italy,ITA,,,,macOS-15.3.1-arm64-arm-64bit,3.12.9,2.8.3,14,Apple M4 Pro,,,,,24.0,machine,N,1.0
2025-03-06T17:32:33,1,e52f0116-14e8-4e89-80d2-b29d9e50de44,5b0fa12a-3dd7-45bb-9766-cc326314d9f1,26.968166792001284,0.0001070231295788,3.968498504338417e-06,42.5,0.0,0.7792911529541017,0.0003183737166048,0.0,5.234703798033261e-06,0.0003236084204028,Italy,ITA,,,,macOS-15.3.1-arm64-arm-64bit,3.12.9,2.8.3,14,Apple M4 Pro,,,,,24.0,process,N,1.0
2025-03-06T17:32:33,1,e52f0116-14e8-4e89-80d2-b29d9e50de44,5b0fa12a-3dd7-45bb-9766-cc326314d9f1,26.9830620419998,0.0001070817062046,3.968478671472194e-06,42.5,0.0,0.7793655395507812,0.0003185495003354,0.0,5.2360396251557435e-06,0.0003237855399605,Italy,ITA,,,,macOS-15.3.1-arm64-arm-64bit,3.12.9,2.8.3,14,Apple M4 Pro,,,,,24.0,process,N,1.0
2025-03-06T17:33:01,1,f343eeda-45e3-4c2a-8fbd-66d695f18074,5b0fa12a-3dd7-45bb-9766-cc326314d9f1,27.96460470799866,0.0001114528622458,3.985497503349544e-06,42.5,0.0,0.9089698791503906,0.0003301373265257,0.0,6.865383474609405e-06,0.0003370027100003,Italy,ITA,,,,macOS-15.3.1-arm64-arm-64bit,3.12.9,2.8.3,14,Apple M4 Pro,,,,,24.0,process,N,1.0
2025-03-06T17:33:01,1,f343eeda-45e3-4c2a-8fbd-66d695f18074,5b0fa12a-3dd7-45bb-9766-cc326314d9f1,27.97640400000091,0.0001114991770596,3.985472080673408e-06,42.5,0.0,0.909027099609375,0.0003302765499382,0.0,6.866203282467196e-06,0.0003371427532207,Italy,ITA,,,,macOS-15.3.1-arm64-arm-64bit,3.12.9,2.8.3,14,Apple M4 Pro,,,,,24.0,process,N,1.0
2025-03-06T17:33:28,1,3a2ac690-d653-4e86-ae43-b2cf092d4477,5b0fa12a-3dd7-45bb-9766-cc326314d9f1,25.47532229100034,0.0001017374455119,3.993568534670038e-06,42.5,0.0,0.967792510986328,0.0003007500315604,0.0,6.875938335104444e-06,0.0003076259698955,Italy,ITA,,,,macOS-15.3.1-arm64-arm-64bit,3.12.9,2.8.3,14,Apple M4 Pro,,,,,24.0,process,N,1.0
2025-03-06T17:33:28,1,3a2ac690-d653-4e86-ae43-b2cf092d4477,5b0fa12a-3dd7-45bb-9766-cc326314d9f1,25.48716879100175,0.0001017839664056,3.993537581214441e-06,42.5,0.0,0.9677810668945312,0.0003008898260666,0.0,6.876810178152422e-06,0.0003077666362448,Italy,ITA,,,,macOS-15.3.1-arm64-arm-64bit,3.12.9,2.8.3,14,Apple M4 Pro,,,,,24.0,process,N,1.0
2025-03-06T17:34:03,1,ba84298d-fd56-4966-953d-58c371366c71,5b0fa12a-3dd7-45bb-9766-cc326314d9f1,34.76399745899835,0.0001389664538051,3.997424461010853e-06,42.5,0.0,1.013385772705078,0.0004104077789798,0.0,9.78844198520263e-06,0.000420196220965,Italy,ITA,,,,macOS-15.3.1-arm64-arm-64bit,3.12.9,2.8.3,14,Apple M4 Pro,,,,,24.0,process,N,1.0
2025-03-06T17:34:03,1,ba84298d-fd56-4966-953d-58c371366c71,5b0fa12a-3dd7-45bb-9766-cc326314d9f1,34.777092000000266,0.0001390179539705,3.997400184309191e-06,42.5,0.0,1.0134315490722656,0.0004105622704228,0.0,9.789672835540764e-06,0.0004203519432584,Italy,ITA,,,,macOS-15.3.1-arm64-arm-64bit,3.12.9,2.8.3,14,Apple M4 Pro,,,,,24.0,process,N,1.0
2025-03-06T17:34:28,1,59ca09a2-21c2-420f-b014-147def5caaaa,5b0fa12a-3dd7-45bb-9766-cc326314d9f1,23.84303162500146,9.53710070755724e-05,3.999953050247509e-06,42.5,0.0,1.048044204711914,0.0002814799063618,0.0,6.8957099504897746e-06,0.0002883756163123,Italy,ITA,,,,macOS-15.3.1-arm64-arm-64bit,3.12.9,2.8.3,14,Apple M4 Pro,,,,,24.0,process,N,1.0
2025-03-06T17:34:28,1,59ca09a2-21c2-420f-b014-147def5caaaa,5b0fa12a-3dd7-45bb-9766-cc326314d9f1,23.854770459001884,9.54171338234661e-05,3.9999183386591465e-06,42.5,0.0,1.0480327606201172,0.0002816184263638,0.0,6.896664509499592e-06,0.0002885150908733,Italy,ITA,,,,macOS-15.3.1-arm64-arm-64bit,3.12.9,2.8.3,14,Apple M4 Pro,,,,,24.0,process,N,1.0
2025-03-06T17:35:05,1,2a5db181-e071-49c0-b698-24baa2704dc1,5b0fa12a-3dd7-45bb-9766-cc326314d9f1,35.860869250002,0.000143467312033,4.0006646529654225e-06,42.5,0.0,1.05706787109375,0.0004233570611611,0.0,1.0448513476770811e-05,0.0004338055746379,Italy,ITA,,,,macOS-15.3.1-arm64-arm-64bit,3.12.9,2.8.3,14,Apple M4 Pro,,,,,24.0,process,N,1.0
2025-03-06T17:35:05,1,2a5db181-e071-49c0-b698-24baa2704dc1,5b0fa12a-3dd7-45bb-9766-cc326314d9f1,35.87328058300045,0.0001435160694459,4.00063967146404e-06,42.5,0.0,1.057119369506836,0.0004235035115333,0.0,1.0449492070671012e-05,0.000433953003604,Italy,ITA,,,,macOS-15.3.1-arm64-arm-64bit,3.12.9,2.8.3,14,Apple M4 Pro,,,,,24.0,process,N,1.0
2025-03-07T16:21:06,1,2106ff10-3b27-4716-8c93-12a6c8cf1ac0,5b0fa12a-3dd7-45bb-9766-cc326314d9f1,19.882836750002753,7.863933768510929e-05,3.955136717857848e-06,42.5,0.0,0.5543689727783203,0.0002347274872027,0.0,3.0561764778097696e-06,0.0002377836636805,Italy,ITA,,,,macOS-15.3.1-arm64-arm-64bit,3.12.9,2.8.3,14,Apple M4 Pro,,,,,24.0,process,N,1.0
2025-03-07T16:21:06,1,2106ff10-3b27-4716-8c93-12a6c8cf1ac0,5b0fa12a-3dd7-45bb-9766-cc326314d9f1,19.897050459003367,7.869508707103719e-05,3.955113208019627e-06,42.5,0.0,0.5544548034667969,0.0002348952618555,0.0,3.056972588967129e-06,0.0002379522344445,Italy,ITA,,,,macOS-15.3.1-arm64-arm-64bit,3.12.9,2.8.3,14,Apple M4 Pro,,,,,24.0,process,N,1.0
2025-03-07T16:21:27,1,83729ab9-c579-4cba-9599-1d1eb496b2e5,5b0fa12a-3dd7-45bb-9766-cc326314d9f1,20.41607879199728,8.089077846812467e-05,3.962111397210729e-06,42.5,0.0,0.6299285888671875,0.0002410228366069,0.0,3.5685629181347676e-06,0.000244591399525,Italy,ITA,,,,macOS-15.3.1-arm64-arm-64bit,3.12.9,2.8.3,14,Apple M4 Pro,,,,,24.0,process,N,1.0
2025-03-07T16:21:27,1,83729ab9-c579-4cba-9599-1d1eb496b2e5,5b0fa12a-3dd7-45bb-9766-cc326314d9f1,20.427949749995605,8.093729970126881e-05,3.962086293133075e-06,42.5,0.0,0.6299800872802734,0.0002411629567458,0.0,3.5691101548869647e-06,0.0002447320669007,Italy,ITA,,,,macOS-15.3.1-arm64-arm-64bit,3.12.9,2.8.3,14,Apple M4 Pro,,,,,24.0,process,N,1.0
2025-03-07T16:21:51,1,de2f3aa6-6274-404d-ac7b-841ceaf90088,5b0fa12a-3dd7-45bb-9766-cc326314d9f1,19.67306920800183,7.854366625332262e-05,3.992445989127905e-06,42.5,0.0,0.961040496826172,0.0002322499565855,0.0,5.244423077267436e-06,0.0002374943796628,Italy,ITA,,,,macOS-15.3.1-arm64-arm-64bit,3.12.9,2.8.3,14,Apple M4 Pro,,,,,24.0,process,N,1.0
2025-03-07T16:21:51,1,de2f3aa6-6274-404d-ac7b-841ceaf90088,5b0fa12a-3dd7-45bb-9766-cc326314d9f1,19.685538125006133,7.85926588236354e-05,3.992405913648902e-06,42.5,0.0,0.9610977172851562,0.0002323971669521,0.0,5.245352728132964e-06,0.0002376425196803,Italy,ITA,,,,macOS-15.3.1-arm64-arm-64bit,3.12.9,2.8.3,14,Apple M4 Pro,,,,,24.0,process,N,1.0
2025-03-07T16:22:13,1,26c6fd11-bc94-4e1b-92a4-cc34d2786379,5b0fa12a-3dd7-45bb-9766-cc326314d9f1,21.16903637500218,8.452620638066513e-05,3.992917055047407e-06,42.5,0.0,0.9654521942138672,0.0002499119260666,0.0,5.672004595354479e-06,0.0002555839306619,Italy,ITA,,,,macOS-15.3.1-arm64-arm-64bit,3.12.9,2.8.3,14,Apple M4 Pro,,,,,24.0,process,N,1.0
2025-03-07T16:22:13,1,26c6fd11-bc94-4e1b-92a4-cc34d2786379,5b0fa12a-3dd7-45bb-9766-cc326314d9f1,21.181781167004377,8.457625177703166e-05,3.992877233043043e-06,42.5,0.0,0.9655036926269532,0.0002500623347471,0.0,5.672919387843292e-06,0.000255735254135,Italy,ITA,,,,macOS-15.3.1-arm64-arm-64bit,3.12.9,2.8.3,14,Apple M4 Pro,,,,,24.0,process,N,1.0
2025-03-07T16:33:23,1,a5d7357e-5e50-4173-b328-aa0218526e70,5b0fa12a-3dd7-45bb-9766-cc326314d9f1,16.19798104200163,6.406403294871117e-05,3.955062842868632e-06,42.5,0.0,0.5532188415527344,0.0001912257381077,0.0,2.486224799390334e-06,0.0001937119629071,Italy,ITA,,,,macOS-15.3.1-arm64-arm-64bit,3.12.9,2.8.3,14,Apple M4 Pro,,,,,24.0,process,N,1.0
2025-03-07T16:33:23,1,a5d7357e-5e50-4173-b328-aa0218526e70,5b0fa12a-3dd7-45bb-9766-cc326314d9f1,16.21229866700014,6.412012376472727e-05,3.955029763622767e-06,42.5,0.0,0.5532932281494141,0.0001913946775791,0.0,2.486888482302317e-06,0.0001938815660615,Italy,ITA,,,,macOS-15.3.1-arm64-arm-64bit,3.12.9,2.8.3,14,Apple M4 Pro,,,,,24.0,process,N,1.0
2025-03-07T16:33:43,1,901f48fa-4fa0-4def-9450-a66ab463e9c6,5b0fa12a-3dd7-45bb-9766-cc326314d9f1,20.311378042002616,8.046820670850971e-05,3.961730540493445e-06,42.5,0.0,0.6259288787841798,0.000239786821007,0.0,3.5268380877615796e-06,0.0002433136590947,Italy,ITA,,,,macOS-15.3.1-arm64-arm-64bit,3.12.9,2.8.3,14,Apple M4 Pro,,,,,24.0,process,N,1.0
2025-03-07T16:33:43,1,901f48fa-4fa0-4def-9450-a66ab463e9c6,5b0fa12a-3dd7-45bb-9766-cc326314d9f1,20.324028667004313,8.051776175820376e-05,3.96170282365931e-06,42.5,0.0,0.6259860992431641,0.0002399360894715,0.0,3.5274104232000816e-06,0.0002434634998947,Italy,ITA,,,,macOS-15.3.1-arm64-arm-64bit,3.12.9,2.8.3,14,Apple M4 Pro,,,,,24.0,process,N,1.0
2025-03-07T16:34:03,1,4c6f0c63-08fa-4b0b-8796-29fa65ea09e9,5b0fa12a-3dd7-45bb-9766-cc326314d9f1,14.441327084001388,5.765657444910681e-05,3.9924706444036435e-06,42.5,0.0,0.96038818359375,0.0001704876378222,0.0,3.84993814611268e-06,0.0001743375759683,Italy,ITA,,,,macOS-15.3.1-arm64-arm-64bit,3.12.9,2.8.3,14,Apple M4 Pro,,,,,24.0,process,N,1.0
2025-03-07T16:34:03,1,4c6f0c63-08fa-4b0b-8796-29fa65ea09e9,5b0fa12a-3dd7-45bb-9766-cc326314d9f1,14.455348916999355,5.77116801517461e-05,3.992410040263898e-06,42.5,0.0,0.9604511260986328,0.0001706530774423,0.0,3.851122969292798e-06,0.0001745042004116,Italy,ITA,,,,macOS-15.3.1-arm64-arm-64bit,3.12.9,2.8.3,14,Apple M4 Pro,,,,,24.0,process,N,1.0
2025-03-07T16:34:21,1,ba9512c5-3b6a-4aec-b9a3-52fd2ddd7c07,5b0fa12a-3dd7-45bb-9766-cc326314d9f1,17.85748337500263,7.13094240103044e-05,3.99325159726175e-06,42.5,0.0,0.9693031311035156,0.0002108172892361,0.0,4.802737524715669e-06,0.0002156200267608,Italy,ITA,,,,macOS-15.3.1-arm64-arm-64bit,3.12.9,2.8.3,14,Apple M4 Pro,,,,,24.0,process,N,1.0
2025-03-07T16:34:21,1,ba9512c5-3b6a-4aec-b9a3-52fd2ddd7c07,5b0fa12a-3dd7-45bb-9766-cc326314d9f1,17.87066862500069,7.136119668047327e-05,3.9932023909077726e-06,42.5,0.0,0.9693546295166016,0.0002109728982639,0.0,4.803674769474459e-06,0.0002157765730334,Italy,ITA,,,,macOS-15.3.1-arm64-arm-64bit,3.12.9,2.8.3,14,Apple M4 Pro,,,,,24.0,process,N,1.0
2025-03-08T17:31:13,1,390bd9c3-944a-474d-b3b0-663d736294b2,5b0fa12a-3dd7-45bb-9766-cc326314d9f1,19.81171275000088,7.837315020293031e-05,3.955899784733495e-06,42.5,0.0,0.5622940063476564,0.0002338879685763,0.0,3.0908175886605654e-06,0.000236978786165,Italy,ITA,,,,macOS-15.3.1-arm64-arm-64bit,3.12.9,2.8.3,14,Apple M4 Pro,,,,,24.0,process,N,1.0
2025-03-08T17:31:13,1,390bd9c3-944a-474d-b3b0-663d736294b2,5b0fa12a-3dd7-45bb-9766-cc326314d9f1,19.82649387499987,7.843109821298533e-05,3.955873323214383e-06,42.5,0.0,0.5623741149902344,0.0002340623740201,0.0,3.091630941751111e-06,0.0002371540049618,Italy,ITA,,,,macOS-15.3.1-arm64-arm-64bit,3.12.9,2.8.3,14,Apple M4 Pro,,,,,24.0,process,N,1.0
2025-03-08T17:31:34,1,eca24d49-fff0-47f7-8334-daf17f143e8a,5b0fa12a-3dd7-45bb-9766-cc326314d9f1,20.26185237500613,8.026444156859278e-05,3.961357534496818e-06,42.5,0.0,0.6219234466552734,0.0002392021508681,0.0,3.495378654300517e-06,0.0002426975295224,Italy,ITA,,,,macOS-15.3.1-arm64-arm-64bit,3.12.9,2.8.3,14,Apple M4 Pro,,,,,24.0,process,N,1.0
2025-03-08T17:31:34,1,eca24d49-fff0-47f7-8334-daf17f143e8a,5b0fa12a-3dd7-45bb-9766-cc326314d9f1,20.274163917005353,8.031267597072094e-05,3.9613310960437245e-06,42.5,0.0,0.6219749450683594,0.0002393474236361,0.0,3.495953412363138e-06,0.0002428433770484,Italy,ITA,,,,macOS-15.3.1-arm64-arm-64bit,3.12.9,2.8.3,14,Apple M4 Pro,,,,,24.0,process,N,1.0
2025-03-08T17:34:30,1,e4a8e9cd-75ab-4bb1-8f4a-4524fff0466a,5b0fa12a-3dd7-45bb-9766-cc326314d9f1,19.80036066700268,7.831393680606308e-05,3.9551772880871474e-06,42.5,0.0,0.5551071166992188,0.000233753844184,0.0,3.045897003503818e-06,0.0002367997411875,Italy,ITA,,,,macOS-15.3.1-arm64-arm-64bit,3.12.9,2.8.3,14,Apple M4 Pro,,,,,24.0,process,N,1.0
2025-03-08T17:34:30,1,e4a8e9cd-75ab-4bb1-8f4a-4524fff0466a,5b0fa12a-3dd7-45bb-9766-cc326314d9f1,19.81386291699891,7.836687900982457e-05,3.955153991834235e-06,42.5,0.0,0.5551815032958984,0.000233913203943,0.0,3.046619864008971e-06,0.000236959823807,Italy,ITA,,,,macOS-15.3.1-arm64-arm-64bit,3.12.9,2.8.3,14,Apple M4 Pro,,,,,24.0,process,N,1.0
2025-03-08T17:34:48,1,ca5e4dd0-3c7b-416f-be91-dbfd2b4daf55,5b0fa12a-3dd7-45bb-9766-cc326314d9f1,17.247623540999484,6.833204497988749e-05,3.961823773429119e-06,42.5,0.0,0.6268100738525391,0.0002036174980402,0.0,2.9997558735757456e-06,0.0002066172539138,Italy,ITA,,,,macOS-15.3.1-arm64-arm-64bit,3.12.9,2.8.3,14,Apple M4 Pro,,,,,24.0,process,N,1.0
2025-03-08T17:34:48,1,ca5e4dd0-3c7b-416f-be91-dbfd2b4daf55,5b0fa12a-3dd7-45bb-9766-cc326314d9f1,17.259914957998262,6.838021096922872e-05,3.961793041021982e-06,42.5,0.0,0.626861572265625,0.0002037625445431,0.0,3.000350035436494e-06,0.0002067628945785,Italy,ITA,,,,macOS-15.3.1-arm64-arm-64bit,3.12.9,2.8.3,14,Apple M4 Pro,,,,,24.0,process,N,1.0
2025-03-08T17:35:09,1,9e598e04-267f-4298-951b-93e27aea8b33,5b0fa12a-3dd7-45bb-9766-cc326314d9f1,19.89549533399986,7.943580811188946e-05,3.992652948737588e-06,42.5,0.0,0.9632778167724608,0.0002348765726931,0.0,5.3153978433719846e-06,0.0002401919705364,Italy,ITA,,,,macOS-15.3.1-arm64-arm-64bit,3.12.9,2.8.3,14,Apple M4 Pro,,,,,24.0,process,N,1.0
2025-03-08T17:35:09,1,9e598e04-267f-4298-951b-93e27aea8b33,5b0fa12a-3dd7-45bb-9766-cc326314d9f1,19.908746417000657,7.948786201241913e-05,3.9926100994757835e-06,42.5,0.0,0.9633350372314452,0.0002350329362966,0.0,5.316430875431797e-06,0.000240349367172,Italy,ITA,,,,macOS-15.3.1-arm64-arm-64bit,3.12.9,2.8.3,14,Apple M4 Pro,,,,,24.0,process,N,1.0
2025-03-08T17:35:32,1,0e256ad7-cab6-48c8-9d60-a40c2706d83f,5b0fa12a-3dd7-45bb-9766-cc326314d9f1,21.617964666998887,8.63509951547187e-05,3.994409116901678e-06,42.5,0.0,0.9817428588867188,0.00025521166772,0.0,5.8899208076844694e-06,0.0002611015885277,Italy,ITA,,,,macOS-15.3.1-arm64-arm-64bit,3.12.9,2.8.3,14,Apple M4 Pro,,,,,24.0,process,N,1.0
2025-03-08T17:35:32,1,0e256ad7-cab6-48c8-9d60-a40c2706d83f,5b0fa12a-3dd7-45bb-9766-cc326314d9f1,21.631273041995883,8.640324750144857e-05,3.994367198532495e-06,42.5,0.0,0.9818000793457032,0.0002553686953859,0.0,5.8908898239075135e-06,0.0002612595852099,Italy,ITA,,,,macOS-15.3.1-arm64-arm-64bit,3.12.9,2.8.3,14,Apple M4 Pro,,,,,24.0,process,N,1.0
2025-03-08T17:35:54,1,c34967bc-c88c-48b3-9e83-a22e344b861f,5b0fa12a-3dd7-45bb-9766-cc326314d9f1,20.77644520800095,8.30174529809105e-05,3.995748654295332e-06,42.5,0.0,0.9962940216064452,0.000245277154477,0.0,5.7447221093522936e-06,0.0002510218765864,Italy,ITA,,,,macOS-15.3.1-arm64-arm-64bit,3.12.9,2.8.3,14,Apple M4 Pro,,,,,24.0,process,N,1.0
2025-03-08T17:35:54,1,c34967bc-c88c-48b3-9e83-a22e344b861f,5b0fa12a-3dd7-45bb-9766-cc326314d9f1,20.789760291001585,8.30697542621975e-05,3.995705246209718e-06,42.5,0.0,0.9962825775146484,0.0002454342874013,0.0,5.745733831818747e-06,0.0002511800212331,Italy,ITA,,,,macOS-15.3.1-arm64-arm-64bit,3.12.9,2.8.3,14,Apple M4 Pro,,,,,24.0,process,N,1.0
2025-03-08T17:36:14,1,72cad0dc-31a4-4d92-9682-7cc7d655917d,5b0fa12a-3dd7-45bb-9766-cc326314d9f1,19.935021625002264,7.987528586529184e-05,4.006782002439025e-06,42.5,0.0,1.116960525512695,0.0002353436044021,0.0,6.177225626168867e-06,0.0002415208300282,Italy,ITA,,,,macOS-15.3.1-arm64-arm-64bit,3.12.9,2.8.3,14,Apple M4 Pro,,,,,24.0,process,N,1.0
2025-03-08T17:36:14,1,72cad0dc-31a4-4d92-9682-7cc7d655917d,5b0fa12a-3dd7-45bb-9766-cc326314d9f1,19.948543708000216,7.992844494422929e-05,4.006730822770515e-06,42.5,0.0,1.1170177459716797,0.0002355031712423,0.0,6.178397176101598e-06,0.0002416815684184,Italy,ITA,,,,macOS-15.3.1-arm64-arm-64bit,3.12.9,2.8.3,14,Apple M4 Pro,,,,,24.0,process,N,1.0
2025-03-09T09:04:15,1,bd7f657d-5d02-41c4-b008-ed1f4711e287,5b0fa12a-3dd7-45bb-9766-cc326314d9f1,19.90642300000036,7.873355384658026e-05,3.95518340219028e-06,42.5,0.0,0.5547981262207031,0.0002350058936881,0.0,3.0626536742212384e-06,0.0002380685473623,Italy,ITA,,,,macOS-15.3.1-arm64-arm-64bit,3.12.9,2.8.3,14,Apple M4 Pro,,,,,24.0,process,N,1.0
2025-03-09T09:04:15,1,bd7f657d-5d02-41c4-b008-ed1f4711e287,5b0fa12a-3dd7-45bb-9766-cc326314d9f1,19.921179416000086,7.87914185550336e-05,3.955158322190036e-06,42.5,0.0,0.5548667907714844,0.0002351800103798,0.0,3.0635038983000664e-06,0.0002382435142781,Italy,ITA,,,,macOS-15.3.1-arm64-arm-64bit,3.12.9,2.8.3,14,Apple M4 Pro,,,,,24.0,process,N,1.0
2025-03-09T09:04:31,1,42c4e6e1-359b-4460-ab22-2660803a8621,5b0fa12a-3dd7-45bb-9766-cc326314d9f1,15.574296999999206,6.17013606949168e-05,3.961742908519078e-06,42.5,0.0,0.6260490417480469,0.0001838629480902,0.0,2.7049456890622635e-06,0.0001865678937793,Italy,ITA,,,,macOS-15.3.1-arm64-arm-64bit,3.12.9,2.8.3,14,Apple M4 Pro,,,,,24.0,process,N,1.0
2025-03-09T09:04:31,1,42c4e6e1-359b-4460-ab22-2660803a8621,5b0fa12a-3dd7-45bb-9766-cc326314d9f1,15.586267459002556,6.174826756830848e-05,3.961709737801462e-06,42.5,0.0,0.6261005401611328,0.0001840042074653,0.0,2.7055197594299857e-06,0.0001867097272247,Italy,ITA,,,,macOS-15.3.1-arm64-arm-64bit,3.12.9,2.8.3,14,Apple M4 Pro,,,,,24.0,process,N,1.0
2025-03-09T09:04:52,1,169b2571-708a-4afc-8c69-c4f531e7daa1,5b0fa12a-3dd7-45bb-9766-cc326314d9f1,19.569630291000067,7.813469743483598e-05,3.992650667027142e-06,42.5,0.0,0.9631748199462892,0.0002310299857388,0.0,5.227785035145836e-06,0.000236257770774,Italy,ITA,,,,macOS-15.3.1-arm64-arm-64bit,3.12.9,2.8.3,14,Apple M4 Pro,,,,,24.0,process,N,1.0
2025-03-09T09:04:52,1,169b2571-708a-4afc-8c69-c4f531e7daa1,5b0fa12a-3dd7-45bb-9766-cc326314d9f1,19.5820517079992,7.818349855370703e-05,3.992610157482597e-06,42.5,0.0,0.9632263183593752,0.0002311765694194,0.0,5.228762475741653e-06,0.0002364053318951,Italy,ITA,,,,macOS-15.3.1-arm64-arm-64bit,3.12.9,2.8.3,14,Apple M4 Pro,,,,,24.0,process,N,1.0
2025-03-09T09:05:14,1,15ff5c8d-5508-43db-a5c6-45cfad319e5d,5b0fa12a-3dd7-45bb-9766-cc326314d9f1,20.79094924999663,8.304587310617487e-05,3.99432811400799e-06,42.5,0.0,0.9811134338378904,0.0002454484378471,0.0,5.659373358042041e-06,0.0002511078112052,Italy,ITA,,,,macOS-15.3.1-arm64-arm-64bit,3.12.9,2.8.3,14,Apple M4 Pro,,,,,24.0,process,N,1.0
2025-03-09T09:05:14,1,15ff5c8d-5508-43db-a5c6-45cfad319e5d,5b0fa12a-3dd7-45bb-9766-cc326314d9f1,20.80330579099973,8.309442136344232e-05,3.994289282590462e-06,42.5,0.0,0.9811706542968752,0.0002455942595736,0.0,5.660348169075296e-06,0.0002512546077426,Italy,ITA,,,,macOS-15.3.1-arm64-arm-64bit,3.12.9,2.8.3,14,Apple M4 Pro,,,,,24.0,process,N,1.0
2025-03-09T09:05:36,1,9cbb8e9f-e417-4bce-80ff-dbd5f838f630,5b0fa12a-3dd7-45bb-9766-cc326314d9f1,20.793619625001156,8.307362025650651e-05,3.9951495581184504e-06,42.5,0.0,0.98968505859375,0.0002454800127854,0.0,5.711698148067037e-06,0.0002511917109335,Italy,ITA,,,,macOS-15.3.1-arm64-arm-64bit,3.12.9,2.8.3,14,Apple M4 Pro,,,,,24.0,process,N,1.0
2025-03-09T09:05:36,1,9cbb8e9f-e417-4bce-80ff-dbd5f838f630,5b0fa12a-3dd7-45bb-9766-cc326314d9f1,20.805729416002578,8.312119720548208e-05,3.995110940044717e-06,42.5,0.0,0.9896736145019532,0.0002456229229666,0.0,5.712647535918664e-06,0.0002513355705026,Italy,ITA,,,,macOS-15.3.1-arm64-arm-64bit,3.12.9,2.8.3,14,Apple M4 Pro,,,,,24.0,process,N,1.0
2025-03-09T09:05:57,1,cac51b33-d69e-41f2-b65a-76d92d5abbb9,5b0fa12a-3dd7-45bb-9766-cc326314d9f1,20.036472499996307,8.027599042117898e-05,4.00649317993443e-06,42.5,0.0,1.1136932373046875,0.0002365414408236,0.0,6.191009243153768e-06,0.0002427324500667,Italy,ITA,,,,macOS-15.3.1-arm64-arm-64bit,3.12.9,2.8.3,14,Apple M4 Pro,,,,,24.0,process,N,1.0
2025-03-09T09:05:57,1,cac51b33-d69e-41f2-b65a-76d92d5abbb9,5b0fa12a-3dd7-45bb-9766-cc326314d9f1,20.049033292001695,8.032540507215652e-05,4.006447787395381e-06,42.5,0.0,1.113750457763672,0.000236689676302,0.0,6.192190037678325e-06,0.0002428818663397,Italy,ITA,,,,macOS-15.3.1-arm64-arm-64bit,3.12.9,2.8.3,14,Apple M4 Pro,,,,,24.0,process,N,1.0
2025-03-09T09:21:17,1,0b7a3106-b0ce-4bd1-b6de-26ea6ccaf3be,5b0fa12a-3dd7-45bb-9766-cc326314d9f1,20.036323874999653,7.924342122463314e-05,3.954988036678186e-06,42.5,0.0,0.5532302856445312,0.0002365395932659,0.0,3.070652395409308e-06,0.0002396102456613,Italy,ITA,,,,macOS-15.3.1-arm64-arm-64bit,3.12.9,2.8.3,14,Apple M4 Pro,,,,,24.0,process,N,1.0
2025-03-09T09:21:39,1,9c871bc8-9590-4858-b127-fe4a205d9f6f,5b0fa12a-3dd7-45bb-9766-cc326314d9f1,20.606469375001325,8.163839772556814e-05,3.961784827856416e-06,42.5,0.0,0.6264495849609375,0.000243270467311,0.0,3.581526609979569e-06,0.000246851993921,Italy,ITA,,,,macOS-15.3.1-arm64-arm-64bit,3.12.9,2.8.3,14,Apple M4 Pro,,,,,24.0,process,N,1.0
2025-03-09T09:27:48,1,f9e152f8-76a7-48b8-b15e-b3a5eed1e4ef,5b0fa12a-3dd7-45bb-9766-cc326314d9f1,18.942236374998178,7.491506683076644e-05,3.954921971602398e-06,42.5,0.0,0.5518398284912109,0.0002236232401909,0.0,2.89925580493338e-06,0.0002265224959958,Italy,ITA,,,,macOS-15.3.1-arm64-arm-64bit,3.12.9,2.8.3,14,Apple M4 Pro,,,,,24.0,process,N,1.0
2025-03-09T09:28:09,1,6e51bea0-07a1-4a65-bb9d-e4ab75ea7bfc,5b0fa12a-3dd7-45bb-9766-cc326314d9f1,20.397772958000132,8.082356735079633e-05,3.962372143136187e-06,42.5,0.0,0.6328868865966797,0.0002408067285221,0.0,3.581443124934082e-06,0.0002443881716471,Italy,ITA,,,,macOS-15.3.1-arm64-arm-64bit,3.12.9,2.8.3,14,Apple M4 Pro,,,,,24.0,process,N,1.0
2025-03-09T09:36:32,1,b01fcacf-4725-415c-a4ad-34f22d18b2d6,5b0fa12a-3dd7-45bb-9766-cc326314d9f1,15.609507958004542,6.173744105147024e-05,3.95511768965218e-06,42.5,0.0,0.5538368225097656,0.0001842786295639,0.0,2.3983612604491717e-06,0.0001866769908244,Italy,ITA,,,,macOS-15.3.1-arm64-arm-64bit,3.12.9,2.8.3,14,Apple M4 Pro,,,,,24.0,process,N,1.0
2025-03-09T09:36:49,1,7b8063d4-f365-47fc-bd04-e8754bd5ec54,5b0fa12a-3dd7-45bb-9766-cc326314d9f1,16.264040957998077,6.443565612596602e-05,3.961847876082657e-06,42.5,0.0,0.627044677734375,0.0001920058064235,0.0,2.829842455423298e-06,0.000194835648879,Italy,ITA,,,,macOS-15.3.1-arm64-arm-64bit,3.12.9,2.8.3,14,Apple M4 Pro,,,,,24.0,process,N,1.0
2025-03-09T09:37:09,1,208c9570-b78a-4921-80f5-b3d86bb87caf,5b0fa12a-3dd7-45bb-9766-cc326314d9f1,15.5988585840023,6.228143304231408e-05,3.992691690030959e-06,42.5,0.0,0.9631805419921876,0.0001841528703992,0.0,4.169002139593805e-06,0.0001883218725388,Italy,ITA,,,,macOS-15.3.1-arm64-arm-64bit,3.12.9,2.8.3,14,Apple M4 Pro,,,,,24.0,process,N,1.0
2025-03-09T09:37:26,1,d72df7a2-3eca-44c3-b2e7-3be42720648f,5b0fa12a-3dd7-45bb-9766-cc326314d9f1,16.298620292000123,6.509466247352977e-05,3.9938756353186705e-06,42.5,0.0,0.9761123657226562,0.000192413982527,0.0,4.414319753216839e-06,0.0001968283022802,Italy,ITA,,,,macOS-15.3.1-arm64-arm-64bit,3.12.9,2.8.3,14,Apple M4 Pro,,,,,24.0,process,N,1.0
2025-03-09T09:37:48,1,aa67939d-91bf-43f4-970f-1f3309dec558,5b0fa12a-3dd7-45bb-9766-cc326314d9f1,16.721497917002125,6.680797929116781e-05,3.995334605952893e-06,42.5,0.0,0.9919567108154296,0.000197406293725,0.0,4.60260597550518e-06,0.0002020088997005,Italy,ITA,,,,macOS-15.3.1-arm64-arm-64bit,3.12.9,2.8.3,14,Apple M4 Pro,,,,,24.0,process,N,1.0
2025-03-09T09:38:03,1,62f221fd-dd23-486c-b668-12c6991c34a5,5b0fa12a-3dd7-45bb-9766-cc326314d9f1,15.085584874999768,6.0437927491788725e-05,4.006336379569086e-06,42.5,0.0,1.111982345581055,0.0001780933969868,0.0,4.654223317410293e-06,0.0001827476203042,Italy,ITA,,,,macOS-15.3.1-arm64-arm-64bit,3.12.9,2.8.3,14,Apple M4 Pro,,,,,24.0,process,N,1.0
2025-03-12T00:04:17,1,a52db901-f7b5-4b3a-a871-eb6a5294f4e3,5b0fa12a-3dd7-45bb-9766-cc326314d9f1,21.100419708003756,1.1958742292691507e-06,5.6675376405689934e-08,0.3331,0.0,0.5561943054199219,1.3550034759275095e-06,0.0,2.260990299038324e-06,3.615993774965834e-06,Italy,ITA,,,,macOS-15.3.1-arm64-arm-64bit,3.12.9,2.8.3,14,Apple M4 Pro,1.0,Apple M4 Pro,,,24.0,process,N,1.0
2025-03-12T00:04:39,1,c550f2ee-fc7d-49e9-a271-484491143e0c,5b0fa12a-3dd7-45bb-9766-cc326314d9f1,21.488986833996023,8.958900156111757e-06,4.169065868633039e-07,5.475,0.026,0.0,2.426993298607521e-05,2.291086816735579e-07,2.5902009985462505e-06,2.708924266629502e-05,Italy,ITA,,,,macOS-15.3.1-arm64-arm-64bit,3.12.9,2.8.3,14,Apple M4 Pro,1.0,Apple M4 Pro,,,24.0,process,N,1.0
2025-03-12T00:05:06,1,ecc72841-bdd4-4dad-883f-da4b1995d521,5b0fa12a-3dd7-45bb-9766-cc326314d9f1,21.50011695799185,4.590017765694143e-06,2.134880370493975e-07,2.34,0.0,0.0,1.0966427149395496e-05,0.0,2.91252036992351e-06,1.3878947519319004e-05,Italy,ITA,,,,macOS-15.3.1-arm64-arm-64bit,3.12.9,2.8.3,14,Apple M4 Pro,1.0,Apple M4 Pro,,,24.0,process,N,1.0
2025-03-12T00:05:28,1,242a944d-1bb5-4372-afb6-7fbe88bf40c2,5b0fa12a-3dd7-45bb-9766-cc326314d9f1,21.06496162500116,1.7476951276736773e-06,8.296692672819343e-08,0.1932,0.108,0.9926548004150392,7.746608983748787e-07,5.325462750000589e-07,3.977340772832034e-06,5.284547946206972e-06,Italy,ITA,,,,macOS-15.3.1-arm64-arm-64bit,3.12.9,2.8.3,14,Apple M4 Pro,1.0,Apple M4 Pro,,,24.0,process,N,1.0
2025-03-12T00:05:55,1,74cf6f0d-60d0-4982-a278-d9901ca415dc,5b0fa12a-3dd7-45bb-9766-cc326314d9f1,21.904867292003473,7.735974670985244e-06,3.531623619472608e-07,4.2982499999999995,0.0,0.0,1.9099854657794407e-05,0.0,4.291598698192396e-06,2.3391453355986805e-05,Italy,ITA,,,,macOS-15.3.1-arm64-arm-64bit,3.12.9,2.8.3,14,Apple M4 Pro,1.0,Apple M4 Pro,,,24.0,process,N,1.0
2025-03-12T00:06:17,1,937c0596-f2c5-47ab-a761-b96241d83185,5b0fa12a-3dd7-45bb-9766-cc326314d9f1,20.86796695800149,1.6222822311923014e-06,7.774031051789948e-08,0.1462999999999999,0.0008,1.1006183624267578,5.754376972982753e-07,3.891276481335e-09,4.326004969919557e-06,4.9053339436991675e-06,Italy,ITA,,,,macOS-15.3.1-arm64-arm-64bit,3.12.9,2.8.3,14,Apple M4 Pro,1.0,Apple M4 Pro,,,24.0,process,N,1.0
2025-03-12T00:08:59,1,2c659dde-6c72-4dc1-a2da-78d3c2251e3e,5b0fa12a-3dd7-45bb-9766-cc326314d9f1,22.205618584004696,1.0138925949754346e-05,4.565928173267682e-07,2.6159,0.1638,0.0,2.685643544268e-05,1.4890851033080215e-06,2.3117945978939148e-06,3.065731514388193e-05,Italy,ITA,,,,macOS-15.3.1-arm64-arm-64bit,3.12.9,2.8.3,14,Apple M4 Pro,1.0,Apple M4 Pro,,,24.0,process,N,1.0
2025-03-12T00:09:26,1,92868dce-c819-4afa-8edc-547a82fd9885,5b0fa12a-3dd7-45bb-9766-cc326314d9f1,21.80199483300385,7.899635275011468e-06,3.623354346939393e-07,4.554250000000001,0.0,0.0,2.1217606269578435e-05,9.11610439549986e-09,2.6595955011083656e-06,2.38863178750823e-05,Italy,ITA,,,,macOS-15.3.1-arm64-arm-64bit,3.12.9,2.8.3,14,Apple M4 Pro,1.0,Apple M4 Pro,,,24.0,process,N,1.0
2025-03-12T23:15:55,1,6eb036cb-5a16-42e1-a8e1-750b7f3feced,5b0fa12a-3dd7-45bb-9766-cc326314d9f1,31.664722124987748,1.225422440591287e-05,3.869992718566329e-07,0.1563,0.0,0.6326122283935547,2.8957936363861005e-05,4.830538820901317e-06,3.2649189634632653e-06,3.7053394148225586e-05,Italy,ITA,,,,macOS-15.3.1-arm64-arm-64bit,3.12.9,2.8.3,14,Apple M4 Pro,1.0,Apple M4 Pro,,,24.0,process,N,1.0
2025-03-12T23:16:27,1,aa2e9b0b-baed-4f2a-815f-c4a247d7f421,5b0fa12a-3dd7-45bb-9766-cc326314d9f1,26.990271541988477,1.310454617366814e-05,4.855285043457802e-07,0.4362727272727273,0.0,0.0,3.11250780444374e-05,5.508419676111014e-06,2.9910348832655307e-06,3.962453260381395e-05,Italy,ITA,,,,macOS-15.3.1-arm64-arm-64bit,3.12.9,2.8.3,14,Apple M4 Pro,1.0,Apple M4 Pro,,,24.0,process,N,1.0
2025-03-12T23:17:02,1,11cccf36-47da-4813-9638-ed992fafd9ab,5b0fa12a-3dd7-45bb-9766-cc326314d9f1,30.626212250004755,1.232443342649203e-05,4.024145501861764e-07,0.0698,0.0009,0.8394298553466797,2.89581059500267e-05,4.234151839628292e-06,4.07342906891343e-06,3.726568685856842e-05,Italy,ITA,,,,macOS-15.3.1-arm64-arm-64bit,3.12.9,2.8.3,14,Apple M4 Pro,1.0,Apple M4 Pro,,,24.0,process,N,1.0
2025-03-21T14:31:32,1,24433f28-de8c-4781-9f62-be77c812a5bc,5b0fa12a-3dd7-45bb-9766-cc326314d9f1,24.32718887500232,1.0560083134897286e-05,4.340856310672385e-07,0.132,0.0,0.0,2.9324241552990987e-05,0.0,2.606536738173342e-06,3.193077829116433e-05,Italy,ITA,,,,macOS-15.3.2-arm64-arm-64bit,3.12.9,2.8.3,14,Apple M4 Pro,1.0,Apple M4 Pro,,,24.0,process,N,1.0
2025-03-21T14:32:04,1,59ace9bc-0a89-47a9-ad5c-61c0f4f8fc86,5b0fa12a-3dd7-45bb-9766-cc326314d9f1,26.77543945799698,1.7082358345397247e-05,6.379861055948153e-07,0.3505999999999999,0.0,0.0,3.214103926442079e-05,1.6350837180299125e-05,3.1604628455432245e-06,5.165233929026315e-05,Italy,ITA,,,,macOS-15.3.2-arm64-arm-64bit,3.12.9,2.8.3,14,Apple M4 Pro,1.0,Apple M4 Pro,,,24.0,process,N,1.0
2025-03-21T14:32:36,1,3735c623-b063-4b80-8ad9-1e3e5287f9fc,5b0fa12a-3dd7-45bb-9766-cc326314d9f1,27.52210474999447,1.54695991371588e-05,5.62079073445933e-07,0.4735454545454546,0.0,0.0,3.0023350170045816e-05,1.3298795186051571e-05,3.453654984854122e-06,4.677580034095151e-05,Italy,ITA,,,,macOS-15.3.2-arm64-arm-64bit,3.12.9,2.8.3,14,Apple M4 Pro,1.0,Apple M4 Pro,,,24.0,process,N,1.0
2025-03-21T14:47:37,1,b65cbac1-d132-4130-9eef-cb34db29fc68,5b0fa12a-3dd7-45bb-9766-cc326314d9f1,26.02396391700313,2.1299469148000427e-05,8.184559898687883e-07,0.3108,0.093,0.0,3.076189025079497e-05,3.1039639719462074e-05,2.6021890532023124e-06,6.440371902345934e-05,Italy,ITA,,,,macOS-15.3.2-arm64-arm-64bit,3.12.9,2.8.3,14,Apple M4 Pro,1.0,Apple M4 Pro,,,24.0,process,N,1.0
2025-03-21T14:48:07,1,0e4cac82-5946-4d74-8a11-83510f832944,5b0fa12a-3dd7-45bb-9766-cc326314d9f1,24.60618191600952,1.155619524835593e-05,4.696460136644411e-07,0.4955999999999999,0.0135,0.0,3.168522237620322e-05,2.225118627563433e-07,3.0350122954169494e-06,3.4942746534376504e-05,Italy,ITA,,,,macOS-15.3.2-arm64-arm-64bit,3.12.9,2.8.3,14,Apple M4 Pro,1.0,Apple M4 Pro,,,24.0,process,N,1.0
2025-03-21T14:48:36,1,ef93af1b-5ff3-48e0-ab27-4f4b75047528,5b0fa12a-3dd7-45bb-9766-cc326314d9f1,24.70986770800664,1.0465234439539897e-05,4.235245029721017e-07,0.3595,0.0042,0.0,2.7750293089284088e-05,3.469951042361925e-07,3.5466938078824126e-06,3.1643982001402695e-05,Italy,ITA,,,,macOS-15.3.2-arm64-arm-64bit,3.12.9,2.8.3,14,Apple M4 Pro,1.0,Apple M4 Pro,,,24.0,process,N,1.0
2025-03-21T23:44:27,1,acdcdab6-81e8-402f-9a7b-47f5f4d9d25e,5b0fa12a-3dd7-45bb-9766-cc326314d9f1,30.10352641600184,1.2461904559547876e-05,4.139682636291947e-07,0.0719,0.0,0.6302375793457031,2.8856109617148037e-05,5.832412767874026e-06,2.9928392570653807e-06,3.7681361642087445e-05,Italy,ITA,,,,macOS-15.3.2-arm64-arm-64bit,3.12.9,2.8.3,14,Apple M4 Pro,1.0,Apple M4 Pro,,,24.0,process,N,1.0
2025-03-21T23:45:03,1,87e49d3f-293b-4836-84c2-cee6e910253a,5b0fa12a-3dd7-45bb-9766-cc326314d9f1,30.771722292003687,1.3830977987857466e-05,4.494703889697969e-07,0.0717,0.0,0.7717494964599609,2.870556207674424e-05,9.323592374374676e-06,3.7919075650322e-06,4.182106201615112e-05,Italy,ITA,,,,macOS-15.3.2-arm64-arm-64bit,3.12.9,2.8.3,14,Apple M4 Pro,1.0,Apple M4 Pro,,,24.0,process,N,1.0
2025-03-21T23:46:12,1,026690cf-0f99-4a95-aae4-2c4da07f88df,5b0fa12a-3dd7-45bb-9766-cc326314d9f1,24.785715042002263,1.716131535893261e-05,6.923873420577446e-07,3.886,0.0,0.0,4.8622659598042e-05,6.719700596170539e-07,2.596453860421632e-06,5.189108351808069e-05,Italy,ITA,,,,macOS-15.3.2-arm64-arm-64bit,3.12.9,2.8.3,14,Apple M4 Pro,1.0,Apple M4 Pro,,,24.0,process,N,1.0
2025-03-21T23:46:41,1,bed9d862-a246-4fb4-80d5-9bd293a2013c,5b0fa12a-3dd7-45bb-9766-cc326314d9f1,23.837348041997757,1.3858440804514984e-05,5.813751085103315e-07,2.1414444444444447,0.0,0.0,3.871707854944184e-05,0.0,3.1870234483779987e-06,4.190410199781984e-05,Italy,ITA,,,,macOS-15.3.2-arm64-arm-64bit,3.12.9,2.8.3,14,Apple M4 Pro,1.0,Apple M4 Pro,,,24.0,process,N,1.0
2025-03-26T11:33:17,1,d287ac64-6d79-4b31-911a-c0a6806eaf47,5b0fa12a-3dd7-45bb-9766-cc326314d9f1,31.46595824998803,2.4414237386273955e-05,7.758936560046837e-07,0.1508,0.0,0.6329612731933594,2.7704945505236477e-05,4.2876746790061675e-05,3.2402266394860212e-06,7.382191893478418e-05,Italy,ITA,,,,macOS-15.3.2-arm64-arm-64bit,3.12.9,2.8.3,14,Apple M4 Pro,1.0,Apple M4 Pro,,,24.0,process,N,1.0
2025-03-26T11:33:50,1,82e6b24e-580b-4cf4-a477-57631a2f4b91,5b0fa12a-3dd7-45bb-9766-cc326314d9f1,28.527678374986863,2.7198693054931356e-05,9.534141789392592e-07,0.0793,0.0008,0.7173557281494141,2.6687861114649276e-05,5.246538472915406e-05,3.0880989119443283e-06,8.224134475574766e-05,Italy,ITA,,,,macOS-15.3.2-arm64-arm-64bit,3.12.9,2.8.3,14,Apple M4 Pro,1.0,Apple M4 Pro,,,24.0,process,N,1.0
2025-03-26T14:06:46,1,4107c162-be81-4c69-8493-0db963664701,5b0fa12a-3dd7-45bb-9766-cc326314d9f1,31.752796957996907,2.6557927119285267e-05,8.363964646773167e-07,0.3018,0.0,0.6403026580810548,2.774993880218646e-05,4.921940081539309e-05,3.334505710722101e-06,8.030384532830165e-05,Italy,ITA,,,,macOS-15.3.2-arm64-arm-64bit,3.12.9,2.8.3,14,Apple M4 Pro,1.0,Apple M4 Pro,,,24.0,process,N,1.0
2025-03-26T14:07:25,1,0333f1b1-913b-48b7-a7c2-afee7664d52f,5b0fa12a-3dd7-45bb-9766-cc326314d9f1,33.18690666698967,2.6700350805595387e-05,8.045447282422882e-07,0.1034,0.0009,0.7772483825683594,2.66890417426954e-05,4.972255932249812e-05,4.322894201454747e-06,8.073449526664828e-05,Italy,ITA,,,,macOS-15.3.2-arm64-arm-64bit,3.12.9,2.8.3,14,Apple M4 Pro,1.0,Apple M4 Pro,,,24.0,process,N,1.0
2025-03-26T14:34:57,1,21b214cd-b60a-4992-9b04-91e0698febb1,5b0fa12a-3dd7-45bb-9766-cc326314d9f1,22.561997917015105,9.710982834803889e-06,4.304132493284366e-07,0.1528,0.0,0.0,2.702517437558903e-05,0.0,2.3381588412418855e-06,2.936333321683092e-05,Italy,ITA,,,,macOS-15.3.2-arm64-arm-64bit,3.12.9,2.8.3,14,Apple M4 Pro,1.0,Apple M4 Pro,,,24.0,process,N,1.0
2025-03-27T23:27:50,1,5751736e-ab74-4c15-a864-5d1890a4c46e,5b0fa12a-3dd7-45bb-9766-cc326314d9f1,21.593355332996,9.505100760161658e-06,4.4018637277909603e-07,5.938333333333333,0.0,0.0,2.6422093498672772e-05,0.0,2.3187091191516533e-06,2.8740802617824425e-05,Italy,ITA,,,,macOS-15.3.2-arm64-arm-64bit,3.12.9,2.8.3,14,Apple M4 Pro,1.0,Apple M4 Pro,,,24.0,process,N,1.0
2025-04-01T17:09:17,1,1d21e37a-ff9b-452a-b79e-cebb91b4e0b1,5b0fa12a-3dd7-45bb-9766-cc326314d9f1,13.0752306249924,5.664731094683844e-07,4.3324139031674916e-08,0.3486999999999999,0.0,0.5749568939208984,6.473441472531211e-07,0.0,1.0655142682803074e-06,1.7128584155334285e-06,Italy,ITA,,,,macOS-15.3.2-arm64-arm-64bit,3.12.9,2.8.3,14,Apple M4 Pro,1.0,Apple M4 Pro,,,24.0,process,N,1.0
2025-04-01T17:09:49,1,fdb98df0-14e1-4498-b3c7-0ad3a82a2eaf,5b0fa12a-3dd7-45bb-9766-cc326314d9f1,26.494360999990025,1.1379551516764862e-05,4.295084345219403e-07,0.2353,0.0,0.0,2.9829729921387698e-05,1.898794049314034e-06,2.680100648353971e-06,3.44086246190557e-05,Italy,ITA,,,,macOS-15.3.2-arm64-arm-64bit,3.12.9,2.8.3,14,Apple M4 Pro,1.0,Apple M4 Pro,,,24.0,process,N,1.0
2025-04-01T17:10:09,1,b96e4b73-ea6f-4e7a-819c-a904a1f0e732,5b0fa12a-3dd7-45bb-9766-cc326314d9f1,14.86836808299995,6.49718361529031e-07,4.3698027779652546e-08,0.1052,0.0168,0.7172756195068359,2.44663353855754e-07,5.4099112857986866e-08,1.6658066269824925e-06,1.9645690936962338e-06,Italy,ITA,,,,macOS-15.3.2-arm64-arm-64bit,3.12.9,2.8.3,14,Apple M4 Pro,1.0,Apple M4 Pro,,,24.0,process,N,1.0
2025-04-02T12:38:28,1,57490319-b891-4425-a201-a6623f73c5f0,5b0fa12a-3dd7-45bb-9766-cc326314d9f1,25.550030249985863,1.2875777205964116e-05,5.039437166995619e-07,1.4871,0.0,0.0,3.651021529901846e-05,9.549006858618368e-08,2.3270929861714267e-06,3.893279835377607e-05,Italy,ITA,,,,macOS-15.3.2-arm64-arm-64bit,3.12.9,2.8.3,14,Apple M4 Pro,1.0,Apple M4 Pro,,,24.0,process,N,1.0
2025-04-02T12:38:54,1,a046ce69-7b1e-43b0-96bb-e7ec762a3463,5b0fa12a-3dd7-45bb-9766-cc326314d9f1,21.25169616600033,1.257129016300171e-06,5.9154290861328866e-08,0.2932,0.0,0.6292533874511719,1.2088645128305234e-06,0.0,2.59234684034702e-06,3.8012113531775433e-06,Italy,ITA,,,,macOS-15.3.2-arm64-arm-64bit,3.12.9,2.8.3,14,Apple M4 Pro,1.0,Apple M4 Pro,,,24.0,process,N,1.0
2025-04-02T12:39:24,1,aaf28561-cff5-4b2b-aac8-906291e33f3c,5b0fa12a-3dd7-45bb-9766-cc326314d9f1,24.535486790991857,1.0600142137434948e-05,4.320330885518344e-07,0.1196,0.0,0.0,2.916729634448032e-05,0.0,2.8846093196654065e-06,3.2051905664145724e-05,Italy,ITA,,,,macOS-15.3.2-arm64-arm-64bit,3.12.9,2.8.3,14,Apple M4 Pro,1.0,Apple M4 Pro,,,24.0,process,N,1.0
2025-04-02T15:12:56,1,8e0d9446-4774-48d4-a2e0-e8cf3c2d5640,5b0fa12a-3dd7-45bb-9766-cc326314d9f1,26.052104166999925,1.0791691782516364e-05,4.142349390797443e-07,0.3474,0.0,0.0,3.008588837028354e-05,2.226244849035154e-07,2.3225860947230275e-06,3.263109894991009e-05,Italy,ITA,,,,macOS-15.3.2-arm64-arm-64bit,3.12.9,2.8.3,14,Apple M4 Pro,1.0,Apple M4 Pro,,,24.0,process,N,1.0
2025-04-02T15:13:27,1,ed4b8c9f-9ff0-4899-ad28-821a7a52ca38,5b0fa12a-3dd7-45bb-9766-cc326314d9f1,26.499172083014855,1.4146671705834817e-05,5.338533468712553e-07,0.2038999999999999,0.0,0.0,2.903979624468913e-05,1.1090087428696526e-05,2.6457490585334336e-06,4.277563273191908e-05,Italy,ITA,,,,macOS-15.3.2-arm64-arm-64bit,3.12.9,2.8.3,14,Apple M4 Pro,1.0,Apple M4 Pro,,,24.0,process,N,1.0
2025-04-02T15:13:59,1,340f980b-e7f5-428f-8329-5f0d8adc903a,5b0fa12a-3dd7-45bb-9766-cc326314d9f1,26.84670674998779,1.4533510257696028e-05,5.413516969898976e-07,0.2246999999999999,0.0,0.0,2.9484366778714104e-05,1.1564115783873144e-05,2.8968432367222206e-06,4.394532579930947e-05,Italy,ITA,,,,macOS-15.3.2-arm64-arm-64bit,3.12.9,2.8.3,14,Apple M4 Pro,1.0,Apple M4 Pro,,,24.0,process,N,1.0
2025-04-02T15:18:28,1,680f1922-c741-4d4f-ba29-436f90de7235,5b0fa12a-3dd7-45bb-9766-cc326314d9f1,21.684075541998027,8.922098547711385e-06,4.114585623182754e-07,5.58025,0.0,0.0,2.465729382026657e-05,0.0,2.3206709343321698e-06,2.697796475459874e-05,Italy,ITA,,,,macOS-15.3.2-arm64-arm-64bit,3.12.9,2.8.3,14,Apple M4 Pro,1.0,Apple M4 Pro,,,24.0,process,N,1.0
2025-04-02T15:18:54,1,3486de82-f028-48b5-99ed-07fd7a130ef4,5b0fa12a-3dd7-45bb-9766-cc326314d9f1,20.94785520801088,1.0439110868079691e-06,4.983379331401702e-08,0.1454,0.0,0.6394786834716797,5.851571133803664e-07,0.0,2.571342039396226e-06,3.1564991527765925e-06,Italy,ITA,,,,macOS-15.3.2-arm64-arm-64bit,3.12.9,2.8.3,14,Apple M4 Pro,1.0,Apple M4 Pro,,,24.0,process,N,1.0
2025-04-02T15:22:08,1,3ea719b5-57c0-49f3-b383-07009468d79f,5b0fa12a-3dd7-45bb-9766-cc326314d9f1,23.148825790995033,1.8686837199113997e-05,8.072477354934882e-07,5.116,0.0,0.0,5.4144205183364536e-05,0.0,2.359635548358549e-06,5.650384073172309e-05,Italy,ITA,,,,macOS-15.3.2-arm64-arm-64bit,3.12.9,2.8.3,14,Apple M4 Pro,1.0,Apple M4 Pro,,,24.0,process,N,1.0
2025-04-02T15:22:40,1,bd0da88e-f521-4e6c-9892-301e5aaa20cb,5b0fa12a-3dd7-45bb-9766-cc326314d9f1,26.546912833990064,1.4879779196717903e-05,5.605088354253445e-07,0.386,0.0,0.0,3.0603492364341496e-05,1.1748501566505409e-05,2.640353618176444e-06,4.4992347549023346e-05,Italy,ITA,,,,macOS-15.3.2-arm64-arm-64bit,3.12.9,2.8.3,14,Apple M4 Pro,1.0,Apple M4 Pro,,,24.0,process,N,1.0
2025-04-02T15:30:43,1,78e39bd3-2d3c-49e5-bf4f-28aa5aac7867,5b0fa12a-3dd7-45bb-9766-cc326314d9f1,57.3685478749976,7.619097303938374e-05,1.3280965940675193e-06,1.6655454545454544,0.0,0.0,4.1094070439097544e-05,0.0001835958984488,5.69051551083976e-06,0.0002303804843987,Italy,ITA,,,,macOS-15.3.2-arm64-arm-64bit,3.12.9,2.8.3,14,Apple M4 Pro,1.0,Apple M4 Pro,,,24.0,process,N,1.0
2025-04-02T15:31:43,1,7f0add05-100b-49dc-bf6b-d8835e32cc94,5b0fa12a-3dd7-45bb-9766-cc326314d9f1,58.32094199999119,7.753042199088998e-05,1.3293753381229968e-06,0.0908,0.0,0.7917766571044922,3.335650802035106e-05,0.00019403284614,7.041254366790027e-06,0.0002344306085271,Italy,ITA,,,,macOS-15.3.2-arm64-arm-64bit,3.12.9,2.8.3,14,Apple M4 Pro,1.0,Apple M4 Pro,,,24.0,process,N,1.0
2025-04-02T15:48:23,1,2ef51dfb-1d89-475d-a036-c0653734216d,5b0fa12a-3dd7-45bb-9766-cc326314d9f1,22.36289591700188,6.8127481125712255e-06,3.046451648237421e-07,0.1575,0.0,0.0,1.8266063666498564e-05,0.0,2.3338072584925923e-06,2.0599870924991156e-05,Italy,ITA,,,,macOS-15.3.2-arm64-arm-64bit,3.12.9,2.8.3,14,Apple M4 Pro,1.0,Apple M4 Pro,,,24.0,process,N,1.0
2025-04-02T15:48:51,1,44c70896-b70f-422c-af46-c7b8ef666e11,5b0fa12a-3dd7-45bb-9766-cc326314d9f1,22.511964334000368,8.715103039942795e-06,3.871320561209384e-07,0.1304,0.0,0.0,2.368604236179252e-05,0.0,2.666025079177716e-06,2.6352067440970236e-05,Italy,ITA,,,,macOS-15.3.2-arm64-arm-64bit,3.12.9,2.8.3,14,Apple M4 Pro,1.0,Apple M4 Pro,,,24.0,process,N,1.0
2025-04-02T15:54:52,1,70824c3a-5c4f-4b1c-a20e-98769c795947,5b0fa12a-3dd7-45bb-9766-cc326314d9f1,25.81515104198479,1.0627775268702397e-05,4.116875106180003e-07,0.2213999999999999,0.0,0.0,2.978736967877461e-05,3.0369395973296683e-08,2.3177215554639236e-06,3.2135460630211827e-05,Italy,ITA,,,,macOS-15.3.2-arm64-arm-64bit,3.12.9,2.8.3,14,Apple M4 Pro,1.0,Apple M4 Pro,,,24.0,process,N,1.0
2025-04-02T15:55:24,1,12d4e348-9478-4be5-921c-c5ccafa3acbb,5b0fa12a-3dd7-45bb-9766-cc326314d9f1,26.844534625008237,1.4350584853399104e-05,5.345812491765147e-07,0.2153999999999999,0.0,0.0,2.923906649771841e-05,1.1526028235689888e-05,2.6271151051826032e-06,4.3392209838590894e-05,Italy,ITA,,,,macOS-15.3.2-arm64-arm-64bit,3.12.9,2.8.3,14,Apple M4 Pro,1.0,Apple M4 Pro,,,24.0,process,N,1.0
2025-04-02T15:55:58,1,8de3e560-5a8d-4b8c-8d5e-7b105bdf873d,5b0fa12a-3dd7-45bb-9766-cc326314d9f1,21.297633291978855,1.1977348574181782e-06,5.6237932215185195e-08,0.3224999999999999,0.0,0.5544319152832031,1.3326018020812626e-06,0.0,2.289017999133604e-06,3.6216198012148663e-06,Italy,ITA,,,,macOS-15.3.2-arm64-arm-64bit,3.12.9,2.8.3,14,Apple M4 Pro,1.0,Apple M4 Pro,,,24.0,process,N,1.0
2025-04-02T15:56:22,1,41421040-d15c-438b-b826-b6395b2dab29,5b0fa12a-3dd7-45bb-9766-cc326314d9f1,22.29194612498395,6.544249248006766e-06,2.935701177149457e-07,1.442,0.0,0.0,1.7204499933395964e-05,0.0,2.5835044933566373e-06,1.97880044267526e-05,Italy,ITA,,,,macOS-15.3.2-arm64-arm-64bit,3.12.9,2.8.3,14,Apple M4 Pro,1.0,Apple M4 Pro,,,24.0,process,N,1.0
2025-04-02T15:56:49,1,01ff95d2-e9c8-40ce-b315-b5503e475c25,5b0fa12a-3dd7-45bb-9766-cc326314d9f1,26.32489395898301,1.128407829644602e-05,4.286466761852039e-07,0.2514999999999999,0.0,0.0,2.9204859505434873e-05,1.069752619401544e-06,3.845327813255902e-06,3.411993993809233e-05,Italy,ITA,,,,macOS-15.3.2-arm64-arm-64bit,3.12.9,2.8.3,14,Apple M4 Pro,1.0,Apple M4 Pro,,,24.0,process,N,1.0
2025-04-02T15:57:22,1,c5c5132d-6e5a-4de6-9892-79bf6820bcd0,5b0fa12a-3dd7-45bb-9766-cc326314d9f1,26.673329792014556,1.4244745492467431e-05,5.34044515759409e-07,0.2493999999999999,0.0,0.0,2.7739688628729824e-05,1.1443877776409523e-05,3.8886144028826954e-06,4.3072180808022034e-05,Italy,ITA,,,,macOS-15.3.2-arm64-arm-64bit,3.12.9,2.8.3,14,Apple M4 Pro,1.0,Apple M4 Pro,,,24.0,process,N,1.0
2025-04-02T15:57:48,1,adf159ac-0228-421f-ae30-98577b441915,5b0fa12a-3dd7-45bb-9766-cc326314d9f1,25.179312624997692,1.7633957316002036e-05,7.003351353799577e-07,4.435333333333333,0.0,0.0,4.9376855385594234e-05,2.5357260648605818e-08,3.918009766816132e-06,5.332022241305897e-05,Italy,ITA,,,,macOS-15.3.2-arm64-arm-64bit,3.12.9,2.8.3,14,Apple M4 Pro,1.0,Apple M4 Pro,,,24.0,process,N,1.0
2025-04-02T15:58:16,1,646d68fe-b7c0-4daf-8ee2-1dbbe1169258,5b0fa12a-3dd7-45bb-9766-cc326314d9f1,26.93814637500327,1.4595253621359012e-05,5.4180615912394e-07,0.2273999999999999,0.0,0.0,2.7687755900778956e-05,1.1824859084120548e-05,4.619405713577781e-06,4.4132020698477285e-05,Italy,ITA,,,,macOS-15.3.2-arm64-arm-64bit,3.12.9,2.8.3,14,Apple M4 Pro,1.0,Apple M4 Pro,,,24.0,process,N,1.0
2025-04-02T17:55:05,1,8413cf7c-211a-4f5c-a421-c6d2e225b154,5b0fa12a-3dd7-45bb-9766-cc326314d9f1,57.65645779200713,7.328115698958365e-05,1.2709965161915055e-06,0.6282727272727272,0.0,0.0,3.8448219020288026e-05,0.0001775289612636,5.604823083274747e-06,0.0002215820033671,Italy,ITA,,,,macOS-15.3.2-arm64-arm-64bit,3.12.9,2.8.3,14,Apple M4 Pro,1.0,Apple M4 Pro,,,24.0,process,N,1.0
2025-04-02T17:56:06,1,0e73519f-433a-421d-bb68-45d1dd574fa6,5b0fa12a-3dd7-45bb-9766-cc326314d9f1,58.66279241599841,7.523040482363613e-05,1.282421134850707e-06,0.0938,0.0,0.7750053405761719,3.414947271814201e-05,0.0001863751738502,6.951344528682169e-06,0.000227475991097,Italy,ITA,,,,macOS-15.3.2-arm64-arm-64bit,3.12.9,2.8.3,14,Apple M4 Pro,1.0,Apple M4 Pro,,,24.0,process,N,1.0
2025-04-02T18:00:57,1,869c1298-ffab-459f-88fc-e2d8f45ab13a,5b0fa12a-3dd7-45bb-9766-cc326314d9f1,58.27552679099608,7.354464299389401e-05,1.2620159275035003e-06,0.1934,0.0694,0.5675182342529297,3.6646508647057214e-05,0.0001807112234117,5.020980300061099e-06,0.0002223787123588,Italy,ITA,,,,macOS-15.3.2-arm64-arm-64bit,3.12.9,2.8.3,14,Apple M4 Pro,1.0,Apple M4 Pro,,,24.0,process,N,1.0
2025-04-02T18:01:59,1,5a240d6a-8315-4aec-a85d-921f28973f20,5b0fa12a-3dd7-45bb-9766-cc326314d9f1,59.47807500002091,7.412772672472139e-05,1.2463033937244158e-06,0.1129,0.0,0.772613525390625,3.275193532609738e-05,0.000184297242443,7.092618941993262e-06,0.0002241417967111,Italy,ITA,,,,macOS-15.3.2-arm64-arm-64bit,3.12.9,2.8.3,14,Apple M4 Pro,1.0,Apple M4 Pro,,,24.0,process,N,1.0
2025-04-02T18:02:40,1,878faef9-ef1f-4d19-89ed-59e1de86e2cb,5b0fa12a-3dd7-45bb-9766-cc326314d9f1,31.325869874999626,3.180206918951127e-05,1.0152014713848915e-06,0.3119,0.1207999999999999,0.6390552520751954,1.9676056678772233e-05,7.324349079371118e-05,3.241136825048831e-06,9.616068429753224e-05,Italy,ITA,,,,macOS-15.3.2-arm64-arm-64bit,3.12.9,2.8.3,14,Apple M4 Pro,1.0,Apple M4 Pro,,,24.0,process,N,1.0
2025-04-02T18:03:13,1,4799aad7-a890-430e-b003-521b2bc8f41b,5b0fa12a-3dd7-45bb-9766-cc326314d9f1,30.54532125001424,3.061039053701738e-05,1.002130253811068e-06,0.0685,0.0,0.7999420166015626,1.91818512723918e-05,6.950611747700837e-05,3.869408039941124e-06,9.255737678934128e-05,Italy,ITA,,,,macOS-15.3.2-arm64-arm-64bit,3.12.9,2.8.3,14,Apple M4 Pro,1.0,Apple M4 Pro,,,24.0,process,N,1.0
2025-04-02T22:56:47,1,50f905e1-2f79-4fcc-a7f6-bb50ef4843a6,5b0fa12a-3dd7-45bb-9766-cc326314d9f1,34.51940654197824,1.2710429296658354e-05,3.6821111861241003e-07,0.0779,0.0,0.6371898651123047,2.8948963646370207e-05,5.7078408336805275e-06,3.776027408925234e-06,3.8432831888975966e-05,Italy,ITA,,,,macOS-15.3.2-arm64-arm-64bit,3.12.9,2.8.3,14,Apple M4 Pro,1.0,Apple M4 Pro,,,24.0,process,N,1.0
2025-04-02T22:57:25,1,6127b9c0-b802-4b7f-b6c7-a97d59aa3c74,5b0fa12a-3dd7-45bb-9766-cc326314d9f1,34.73787837501732,1.347697439192385e-05,3.879619315385761e-07,0.5612000000000001,0.0,0.7764816284179688,2.968063887004795e-05,6.421490371901028e-06,4.6485235556727115e-06,4.0750652797621685e-05,Italy,ITA,,,,macOS-15.3.2-arm64-arm-64bit,3.12.9,2.8.3,14,Apple M4 Pro,1.0,Apple M4 Pro,,,24.0,process,N,1.0
2025-04-02T22:58:07,1,3d893086-9fb7-40ab-ae14-d548a6e3f4a8,5b0fa12a-3dd7-45bb-9766-cc326314d9f1,30.85206350000226,1.2072530697446663e-05,3.913038328034616e-07,0.2822,0.0684,0.6327953338623047,2.8544503711560614e-05,4.830719053734668e-06,3.128779730627718e-06,3.6504002495923e-05,Italy,ITA,,,,macOS-15.3.2-arm64-arm-64bit,3.12.9,2.8.3,14,Apple M4 Pro,1.0,Apple M4 Pro,,,24.0,process,N,1.0
2025-04-02T22:58:42,1,cdbad61d-9ed2-4cb5-9a35-83967bd92736,5b0fa12a-3dd7-45bb-9766-cc326314d9f1,31.01178866700502,1.2066232788942698e-05,3.8908535455681604e-07,0.0769,0.0,0.7747821807861328,2.740564171507651e-05,5.232012946747521e-06,3.847304696126544e-06,3.6484959357950575e-05,Italy,ITA,,,,macOS-15.3.2-arm64-arm-64bit,3.12.9,2.8.3,14,Apple M4 Pro,1.0,Apple M4 Pro,,,24.0,process,N,1.0
2025-04-02T23:37:23,1,62c9a602-feb2-442d-8c63-fde15056bb9d,5b0fa12a-3dd7-45bb-9766-cc326314d9f1,27.000536165985977,2.2475161649095108e-05,8.323968646744235e-07,0.2562727272727272,0.0,0.0,2.8800111585007333e-05,3.681364018427082e-05,2.3449370504870458e-06,6.79586888197652e-05,Italy,ITA,,,,macOS-15.3.2-arm64-arm-64bit,3.12.9,2.8.3,14,Apple M4 Pro,1.0,Apple M4 Pro,,,24.0,process,N,1.0
2025-04-02T23:51:02,1,4662af40-9a35-4bc9-a62a-e8dd523d1c14,5b0fa12a-3dd7-45bb-9766-cc326314d9f1,26.71100608399138,2.5318218302214458e-05,9.478571575553024e-07,0.3023,0.0,0.0,3.210806977267425e-05,4.184050853427503e-05,2.6067295451012783e-06,7.655530785205056e-05,Italy,ITA,,,,macOS-15.3.2-arm64-arm-64bit,3.12.9,2.8.3,14,Apple M4 Pro,1.0,Apple M4 Pro,,,24.0,process,N,1.0
2025-04-02T23:51:33,1,e9a01bac-d36c-4c35-a857-c31e725e4bae,5b0fa12a-3dd7-45bb-9766-cc326314d9f1,25.492570542002795,1.5814817039138427e-05,6.203696489956228e-07,2.4721250000000006,0.0,0.0,4.345906557263538e-05,1.1834550565826553e-06,3.1771234153710826e-06,4.781964404458913e-05,Italy,ITA,,,,macOS-15.3.2-arm64-arm-64bit,3.12.9,2.8.3,14,Apple M4 Pro,1.0,Apple M4 Pro,,,24.0,process,N,1.0
